date_time,latitude,longitude,fatalities,magnitude,magnitude_cat
2001-01-01 06:57:00,6.898,126.579,0,7.5,High
2001-01-09 16:49:00,-14.928,167.17,0,7.1,High
2001-01-10 16:02:00,57.078,-153.211,0,6.9,Moderate
2001-01-13 17:33:00,13.049,-88.66,1145,7.7,High
2001-01-26 03:16:00,23.419,70.232,20023,7.7,High
2001-02-13 14:22:00,13.671,-88.938,407,6.6,Moderate
2001-02-13 19:28:00,-4.68,102.562,0,7.4,High
2001-02-17 20:25:00,13.79,-89.11,1,4.1,Low
2001-02-23 00:09:00,29.513,101.129,3,5.6,Moderate
2001-02-24 07:23:00,1.271,126.249,0,7.1,High
2001-02-28 18:54:00,47.149,-122.727,1,6.8,Moderate
2001-03-24 06:27:00,34.083,132.526,2,6.8,Moderate
2001-04-12 10:47:00,24.768,99.061,2,5.6,Moderate
2001-05-08 18:02:00,13.605,-88.795,1,5.7,Moderate
2001-05-23 21:10:00,27.689,101.003,2,5.5,Moderate
2001-06-01 14:00:00,35.169,69.389,4,5.0,Moderate
2001-06-03 02:41:00,-29.666,-178.633,0,7.2,High
2001-06-21 19:55:00,49.147,6.87,1,4.2,Low
2001-06-23 20:33:00,-16.265,-73.641,145,8.4,High
2001-07-07 09:38:00,-17.543,-72.077,1,7.6,High
2001-07-17 15:06:00,46.735,11.201,4,4.7,Low
2001-07-24 05:00:00,-19.448,-69.255,1,6.4,Moderate
2001-08-09 02:06:00,-14.258,-72.683,4,5.8,Moderate
2001-08-21 06:52:00,-36.813,-179.575,0,7.1,High
2001-10-12 15:02:00,12.686,144.98,0,7.0,High
2001-10-19 03:28:00,-4.102,123.907,0,7.5,High
2001-10-27 05:35:00,26.316,100.648,1,5.6,Moderate
2001-10-31 09:10:00,-5.912,150.196,0,7.0,High
2001-11-14 09:26:00,35.946,90.541,0,7.8,High
2001-12-04 05:57:00,-15.35,-72.516,2,5.8,Moderate
2001-12-12 14:02:00,-42.813,124.688,0,7.1,High
2002-01-02 17:22:00,-17.6,167.856,0,7.2,High
2002-01-09 06:45:00,38.673,69.902,3,5.3,Moderate
2002-01-10 11:14:00,-3.212,142.427,1,6.7,Moderate
2002-01-17 20:01:00,-1.684,29.077,7,4.7,Low
2002-01-21 14:34:00,38.664,27.881,1,4.6,Low
2002-01-22 04:53:00,35.79,26.617,1,6.2,Moderate
2002-02-03 07:11:00,38.573,31.271,44,6.5,Moderate
2002-02-17 13:03:00,28.093,51.755,1,5.4,Moderate
2002-03-03 12:08:00,36.502,70.482,166,7.4,High
2002-03-05 21:16:00,6.033,124.249,15,7.5,High
2002-03-25 14:56:00,36.062,69.315,1200,6.1,Moderate
2002-03-31 06:52:00,24.279,122.179,5,7.1,High
2002-04-01 06:14:00,-6.191,147.421,36,5.3,Moderate
2002-04-12 04:00:00,35.959,69.417,50,5.9,Moderate
2002-04-22 04:57:00,-12.386,-76.518,1,4.4,Low
2002-04-24 10:51:00,42.436,21.466,1,5.7,Moderate
2002-04-24 19:48:00,34.642,47.4,2,5.4,Moderate
2002-04-25 17:41:00,41.765,44.96,7,4.8,Low
2002-04-26 16:06:00,13.088,144.619,0,7.1,High
2002-05-15 03:46:00,24.636,121.922,1,6.2,Moderate
2002-05-18 15:15:00,-2.907,33.733,2,5.5,Moderate
2002-06-22 02:58:00,35.626,49.047,230,6.5,Moderate
2002-06-28 17:19:00,43.752,130.666,0,7.3,High
2002-08-19 11:01:00,-21.696,-179.513,0,7.7,High
2002-08-19 11:08:00,-23.884,178.495,0,7.7,High
2002-09-06 01:21:00,38.381,13.701,2,6.0,Moderate
2002-09-08 18:44:00,-3.302,142.945,6,7.6,High
2002-09-13 22:28:00,13.036,93.068,2,6.5,Moderate
2002-10-10 10:50:00,-1.757,134.297,8,7.6,High
2002-10-24 06:08:00,-1.884,29.004,2,6.2,Moderate
2002-10-31 10:32:00,41.789,14.872,29,5.9,Moderate
2002-11-01 22:09:00,35.517,74.654,11,5.4,Moderate
2002-11-02 01:26:00,2.824,96.085,3,7.4,High
2002-11-03 22:12:00,63.517,-147.444,0,7.9,High
2002-11-17 04:53:00,47.824,146.209,0,7.3,High
2002-11-20 21:32:00,35.414,74.515,19,6.3,Moderate
2002-12-14 13:27:00,39.736,97.443,2,5.6,Moderate
2003-01-20 08:43:00,-10.491,160.77,0,7.3,High
2003-01-21 02:46:00,13.626,-90.774,1,6.5,Moderate
2003-01-22 02:06:00,18.77,-104.104,29,7.6,High
2003-01-27 05:26:00,39.5,39.878,1,6.1,Moderate
2003-02-24 02:03:00,39.61,77.23,261,6.3,Moderate
2003-02-25 03:52:00,39.483,77.393,5,5.4,Moderate
2003-03-17 16:36:00,51.272,177.978,0,7.1,High
2003-03-25 02:53:00,-8.294,120.743,4,6.5,Moderate
2003-03-29 11:46:00,35.976,70.585,1,5.9,Moderate
2003-05-01 00:27:00,39.007,40.464,177,6.4,Moderate
2003-05-01 15:44:00,39.43,77.219,1,5.8,Moderate
2003-05-21 18:44:00,36.964,3.634,2266,6.8,Moderate
2003-05-26 09:24:00,38.849,141.568,0,7.0,High
2003-05-26 19:23:00,2.354,128.855,1,7.0,High
2003-05-27 17:11:00,36.939,3.578,9,5.8,Moderate
2003-06-20 06:19:00,-7.606,-71.722,0,7.1,High
2003-06-24 13:01:00,32.927,49.475,1,4.6,Low
2003-07-10 17:06:00,28.355,54.169,1,5.8,Moderate
2003-07-15 20:27:00,-2.598,68.382,0,7.6,High
2003-07-21 15:16:00,25.975,101.29,19,6.0,Moderate
2003-07-26 23:18:00,22.854,92.306,2,5.7,Moderate
2003-08-04 04:37:00,-60.532,-43.411,0,7.6,High
2003-08-16 10:58:00,43.77,119.643,4,5.4,Moderate
2003-08-21 12:12:00,-45.104,167.144,0,7.2,High
2003-09-22 04:45:00,19.777,-70.673,3,6.4,Moderate
2003-09-25 19:50:00,41.815,143.91,3,8.3,High
2003-09-25 21:08:00,41.774,143.593,3,7.4,High
2003-09-27 11:33:00,50.038,87.813,3,7.3,High
2003-10-16 12:28:00,25.954,101.254,3,5.6,Moderate
2003-10-25 12:41:00,38.4,100.951,9,5.8,Moderate
2003-10-31 01:06:00,37.812,142.619,0,7.0,High
2003-11-13 02:35:00,34.712,103.834,1,5.1,Moderate
2003-11-14 18:49:00,27.372,103.971,4,5.6,Moderate
2003-11-17 06:43:00,51.146,178.65,0,7.8,High
2003-11-18 17:14:00,12.025,125.416,1,6.5,Moderate
2003-12-01 01:38:00,42.905,80.515,10,6.0,Moderate
2003-12-22 19:15:00,35.706,-121.102,2,6.6,Moderate
2003-12-25 07:11:00,8.416,-82.824,2,6.5,Moderate
2003-12-26 01:56:00,29.004,58.337,34000,6.6,Moderate
2003-12-27 16:00:00,-22.033,169.65,0,7.3,High
2004-01-01 20:59:00,-8.31,115.788,1,5.8,Moderate
2004-01-03 16:23:00,-22.253,169.683,0,7.1,High
2004-02-05 21:05:00,-3.615,135.538,37,7.0,High
2004-02-07 02:42:00,-4.003,135.023,37,7.3,High
2004-02-14 10:30:00,34.774,73.216,24,5.5,Moderate
2004-02-16 14:44:00,-0.466,100.655,5,5.1,Moderate
2004-02-24 02:14:00,-3.393,29.558,3,4.7,Low
2004-02-24 02:27:00,35.142,-3.997,631,6.4,Moderate
2004-03-01 23:55:00,38.058,38.277,6,3.8,Low
2004-03-25 19:30:00,39.93,40.812,10,5.6,Moderate
2004-04-05 21:24:00,36.527,71.028,3,6.6,Moderate
2004-05-01 07:56:00,24.081,121.611,2,5.2,Moderate
2004-05-08 20:11:00,30.126,67.121,1,4.4,Low
2004-05-28 12:38:00,36.27,51.575,35,6.3,Moderate
2004-07-01 22:30:00,39.799,43.778,18,5.2,Moderate
2004-07-12 13:04:00,46.296,13.641,1,5.2,Moderate
2004-07-15 04:27:00,-17.656,-178.76,0,7.1,High
2004-07-18 04:22:00,-38.0,176.51,1,5.6,Moderate
2004-07-18 08:31:00,33.426,69.524,2,5.2,Moderate
2004-07-25 14:35:00,-2.455,103.977,0,7.3,High
2004-07-30 07:14:00,39.634,43.966,1,4.8,Low
2004-08-10 10:26:00,27.266,103.873,4,5.4,Moderate
2004-08-11 15:48:00,38.377,39.261,1,5.7,Moderate
2004-09-05 10:07:00,33.062,136.608,0,7.2,High
2004-09-05 14:57:00,33.216,137.061,0,7.4,High
2004-09-07 11:53:00,-28.573,-65.84,1,6.4,Moderate
2004-09-15 08:35:00,-8.773,115.357,1,5.4,Moderate
2004-10-23 08:56:00,37.231,138.753,46,6.6,Moderate
2004-11-11 21:26:00,-8.172,124.856,34,7.5,High
2004-11-15 09:06:00,4.679,-77.511,0,7.2,High
2004-11-20 08:07:00,9.581,-84.228,8,6.4,Moderate
2004-11-21 11:41:00,15.699,-61.654,1,6.3,Moderate
2004-11-22 20:26:00,-46.694,164.777,0,7.1,High
2004-11-26 02:25:00,-3.573,135.346,32,7.1,High
2004-11-28 18:32:00,42.995,145.056,0,7.0,High
2004-12-01 23:17:00,-3.665,135.528,1,5.5,Moderate
2004-12-23 14:59:00,-50.145,160.365,0,8.1,High
2004-12-26 00:58:00,3.316,95.854,227898,9.1,High
2004-12-26 04:21:00,6.91,92.958,0,7.1,High
2005-01-23 20:10:00,-1.198,119.933,1,6.3,Moderate
2005-01-25 16:44:00,37.622,43.703,2,5.9,Moderate
2005-02-02 05:55:00,-7.037,107.819,1,4.8,Low
2005-02-05 12:23:00,5.358,123.209,2,7.1,High
2005-02-22 02:25:00,30.741,56.877,612,6.4,Moderate
2005-03-02 10:42:00,-6.527,129.933,0,7.1,High
2005-03-09 10:15:00,-26.913,26.789,2,5.0,Moderate
2005-03-20 01:53:00,33.805,130.078,1,6.6,Moderate
2005-03-28 16:09:00,2.074,97.013,1313,8.6,High
2005-05-03 07:21:00,33.711,48.685,4,4.9,Low
2005-06-04 14:50:00,-6.319,146.846,1,6.1,Moderate
2005-06-13 22:44:00,-19.934,-69.028,11,7.8,High
2005-06-15 02:50:00,41.284,-125.983,0,7.2,High
2005-07-05 16:53:00,-26.47,27.43,1,2.7,Low
2005-07-24 15:42:00,7.909,92.139,0,7.3,High
2005-07-25 15:43:00,46.827,125.058,1,5.0,Moderate
2005-08-16 02:46:00,38.251,142.059,0,7.2,High
2005-09-09 07:26:00,-4.539,153.445,0,7.7,High
2005-09-26 01:55:00,-5.674,-76.409,5,7.5,High
2005-10-08 03:50:00,34.493,73.629,87351,7.6,High
2005-10-15 04:24:00,34.014,74.003,2,5.2,Moderate
2005-10-20 21:40:00,38.152,26.751,1,5.9,Moderate
2005-10-27 11:18:00,23.604,107.798,1,4.2,Low
2005-11-08 07:54:00,9.973,108.287,1,5.3,Moderate
2005-11-14 21:38:00,38.101,144.925,0,7.0,High
2005-11-26 00:49:00,29.671,115.688,16,5.2,Moderate
2005-11-27 10:22:00,26.784,55.847,13,6.0,Moderate
2005-12-05 12:19:00,-6.174,29.717,6,6.8,Moderate
2005-12-12 21:47:00,36.332,71.13,5,6.6,Moderate
2005-12-14 07:09:00,30.476,79.255,1,5.1,Moderate
2006-01-02 06:10:00,-60.807,-21.474,0,7.4,High
2006-01-02 22:13:00,-19.926,-178.178,0,7.2,High
2006-01-27 16:58:00,-5.482,128.093,0,7.6,High
2006-02-14 00:55:00,27.355,88.355,2,5.3,Moderate
2006-02-22 22:19:00,-21.259,33.48,4,7.0,High
2006-03-10 07:50:00,33.129,73.887,1,4.9,Low
2006-03-14 06:57:00,-3.593,127.211,3,6.7,Moderate
2006-03-20 19:44:00,36.623,5.328,4,5.2,Moderate
2006-03-25 07:28:00,27.574,55.685,1,5.9,Moderate
2006-03-31 01:17:00,33.581,48.794,70,6.1,Moderate
2006-04-20 23:25:00,61.075,167.085,0,7.6,High
2006-04-25 11:26:00,-41.164,146.863,1,2.2,Low
2006-05-03 15:26:00,-20.13,-174.164,0,8.0,High
2006-05-16 10:39:00,-31.527,-179.303,0,7.4,High
2006-05-26 22:53:00,-7.962,110.458,5782,6.3,Moderate
2006-06-03 07:15:00,26.759,55.843,2,5.1,Moderate
2006-07-17 08:19:00,-9.222,107.32,730,7.7,High
2006-07-22 01:10:00,27.995,104.138,22,4.9,Low
2006-07-29 00:11:00,37.255,68.828,3,5.6,Moderate
2006-08-20 03:41:00,-61.006,-34.391,0,7.0,High
2006-08-25 05:51:00,28.012,104.151,1,5.0,Moderate
2006-09-29 18:23:00,10.763,-61.807,1,5.5,Moderate
2006-11-15 11:14:00,46.607,153.23,0,8.3,High
2006-12-01 14:01:00,-8.261,118.753,1,6.3,Moderate
2006-12-17 21:39:00,0.626,99.859,7,5.8,Moderate
2006-12-26 12:26:00,21.825,120.538,2,7.1,High
2007-01-13 04:23:00,46.272,154.455,0,8.1,High
2007-01-21 11:27:00,1.222,126.395,4,7.5,High
2007-03-06 03:49:00,-0.512,100.524,67,6.4,Moderate
2007-03-25 00:40:00,-20.666,169.426,0,7.1,High
2007-03-25 00:41:00,37.281,136.602,1,6.7,Moderate
2007-04-01 20:39:00,-8.481,156.978,54,8.1,High
2007-04-21 17:53:00,-45.274,-72.604,3,6.2,Moderate
2007-06-02 21:34:00,23.013,101.053,3,6.2,Moderate
2007-07-16 01:13:00,37.576,138.469,9,6.6,Moderate
2007-07-21 22:44:00,38.936,70.485,12,5.2,Moderate
2007-08-01 17:08:00,-15.736,167.745,0,7.2,High
2007-08-02 02:37:00,47.116,141.798,2,6.2,Moderate
2007-08-08 17:04:00,-5.968,107.655,0,7.5,High
2007-08-15 23:40:00,-13.354,-76.509,519,8.0,High
2007-09-02 01:05:00,-11.61,165.762,0,7.2,High
2007-09-12 11:10:00,-4.52,101.374,25,8.5,High
2007-09-12 23:49:00,-2.506,100.906,0,7.9,High
2007-09-13 03:35:00,-2.13,99.627,0,7.0,High
2007-09-28 13:38:00,21.98,142.685,0,7.5,High
2007-09-30 05:23:00,-49.418,163.954,0,7.4,High
2007-10-26 06:50:00,35.321,76.646,1,5.3,Moderate
2007-10-31 03:30:00,18.854,145.315,0,7.2,High
2007-11-06 09:38:00,21.127,70.538,1,5.0,Moderate
2007-11-07 04:12:00,9.714,124.669,1,5.0,Moderate
2007-11-14 15:40:00,-22.204,-69.869,2,7.7,High
2007-11-25 16:02:00,-8.294,118.36,3,6.5,Moderate
2007-11-29 19:00:00,14.943,-61.244,1,7.4,High
2007-12-09 02:03:00,-15.049,-44.199,1,4.9,Low
2007-12-09 07:28:00,-25.872,-177.517,0,7.8,High
2007-12-19 09:30:00,51.495,-179.473,0,7.2,High
2007-12-20 07:55:00,-38.842,177.93,1,6.6,Moderate
2008-01-09 22:24:00,35.616,-0.57,1,4.6,Low
2008-01-22 17:14:00,1.011,97.436,1,6.1,Moderate
2008-02-03 07:34:00,-2.318,28.945,44,5.9,Moderate
2008-02-06 06:09:00,23.468,87.116,1,4.3,Low
2008-02-14 02:07:00,-2.294,28.876,1,5.4,Moderate
2008-02-20 08:08:00,2.778,95.978,3,7.4,High
2008-02-25 08:36:00,-2.352,100.018,0,7.2,High
2008-03-20 22:33:00,35.445,81.392,0,7.2,High
2008-04-09 12:46:00,-20.089,168.852,0,7.3,High
2008-04-12 00:30:00,-55.681,158.527,0,7.1,High
2008-05-12 06:28:00,30.986,103.364,69197,7.9,High
2008-05-24 19:20:00,4.447,-73.67,11,5.6,Moderate
2008-05-25 08:21:00,32.587,105.424,8,6.0,Moderate
2008-06-06 20:02:00,35.883,-0.658,1,5.5,Moderate
2008-06-08 12:25:00,38.0,21.468,2,6.4,Moderate
2008-06-13 23:43:00,39.122,140.678,13,6.9,Moderate
2008-06-17 05:51:00,32.761,105.554,2,4.8,Low
2008-06-30 06:17:00,-58.169,-22.014,0,7.0,High
2008-07-05 02:12:00,53.888,152.869,0,7.7,High
2008-07-08 09:13:00,-15.886,-71.727,1,6.2,Moderate
2008-07-15 03:26:00,35.8,27.86,1,6.4,Moderate
2008-07-19 02:39:00,37.552,142.206,0,7.0,High
2008-07-23 15:26:00,39.802,141.463,1,6.8,Moderate
2008-07-24 07:09:00,32.747,105.542,1,5.7,Moderate
2008-08-05 09:49:00,32.756,105.494,4,6.0,Moderate
2008-08-21 12:24:00,25.039,97.697,5,6.0,Moderate
2008-08-30 08:30:00,26.241,101.889,43,6.0,Moderate
2008-08-31 08:31:00,26.232,101.97,2,5.6,Moderate
2008-09-09 03:07:00,-3.872,103.069,2,5.4,Moderate
2008-09-10 11:00:00,26.823,55.825,7,6.1,Moderate
2008-09-16 21:47:00,17.438,73.915,1,5.0,Moderate
2008-09-29 15:19:00,-29.749,-177.678,0,7.0,High
2008-10-05 15:52:00,39.515,73.768,75,6.7,Moderate
2008-10-06 08:30:00,29.761,90.32,10,6.4,Moderate
2008-10-11 09:06:00,43.372,46.254,13,5.8,Moderate
2008-10-28 23:09:00,30.656,67.361,215,6.4,Moderate
2008-11-16 17:02:00,1.29,122.1,6,7.4,High
2008-11-22 22:27:00,49.914,18.455,2,4.1,Low
2008-11-24 09:02:00,54.194,154.315,0,7.3,High
2008-12-09 18:53:00,32.518,105.395,2,5.1,Moderate
2009-01-03 19:43:00,-0.408,132.886,5,7.7,High
2009-01-03 22:33:00,-0.707,133.361,5,7.4,High
2009-01-04 05:10:00,34.197,70.065,1,4.3,Low
2009-01-08 19:21:00,10.197,-84.159,34,6.1,Moderate
2009-01-15 17:49:00,46.862,155.156,0,7.4,High
2009-02-11 17:34:00,3.902,126.4,0,7.2,High
2009-02-18 21:53:00,-27.464,-176.324,0,7.0,High
2009-03-19 18:17:00,-23.05,-174.668,0,7.6,High
2009-04-06 01:32:00,42.334,13.334,308,6.3,Moderate
2009-04-07 17:47:00,42.275,13.464,1,5.5,Moderate
2009-04-16 21:27:00,34.185,70.076,22,5.4,Moderate
2009-05-28 08:24:00,16.733,-86.22,7,7.3,High
2009-06-13 17:17:00,44.725,78.866,1,5.4,Moderate
2009-07-09 11:19:00,25.636,101.082,1,5.7,Moderate
2009-07-15 09:22:00,-45.75,166.577,0,7.8,High
2009-08-08 13:26:00,29.358,105.438,2,3.7,Low
2009-08-09 10:55:00,33.122,138.026,0,7.1,High
2009-08-10 19:55:00,14.013,92.923,0,7.5,High
2009-08-10 20:07:00,34.778,138.276,1,6.1,Moderate
2009-09-02 07:55:00,-7.809,107.259,79,7.0,High
2009-09-21 08:53:00,27.346,91.412,11,6.1,Moderate
2009-09-29 17:48:00,-15.509,-172.034,189,8.1,High
2009-09-30 10:16:00,-0.725,99.856,1115,7.6,High
2009-10-01 01:52:00,-2.508,101.484,3,6.6,Moderate
2009-10-07 22:03:00,-13.052,166.187,0,7.7,High
2009-10-07 22:18:00,-12.554,166.32,0,7.8,High
2009-10-07 23:13:00,-13.145,166.297,0,7.4,High
2009-10-22 19:51:00,36.517,70.95,5,6.2,Moderate
2009-11-08 19:41:00,-8.27,118.633,2,6.6,Moderate
2009-11-09 10:44:00,-17.212,178.413,0,7.3,High
2009-12-06 21:51:00,-26.414,27.494,2,3.5,Low
2009-12-08 03:08:00,-9.948,33.878,1,5.9,Moderate
2009-12-19 23:19:00,-10.108,33.818,3,6.0,Moderate
2010-01-03 22:36:00,-8.8,157.37,0,7.1,High
2010-01-10 00:25:00,-7.907,107.879,1,5.1,Moderate
2010-01-12 21:53:00,18.443,-72.571,160000,7.0,High
2010-01-17 09:37:00,25.558,105.804,7,4.4,Low
2010-01-30 21:36:00,30.268,105.668,1,5.1,Moderate
2010-02-26 20:31:00,25.902,128.417,0,7.0,High
2010-02-27 06:34:00,-35.909,-72.733,525,8.8,High
2010-02-27 15:45:00,-24.872,-65.602,2,6.3,Moderate
2010-03-08 02:32:00,38.873,39.981,42,6.1,Moderate
2010-03-11 14:39:00,-34.259,-71.929,1,6.9,Moderate
2010-04-04 22:40:00,32.259,-115.287,4,7.2,High
2010-04-06 22:15:00,2.36,97.132,0,7.8,High
2010-04-13 23:49:00,33.224,96.666,2698,6.9,Moderate
2010-04-18 20:28:00,35.633,67.658,11,5.6,Moderate
2010-05-14 12:29:00,35.9,4.12,2,5.2,Moderate
2010-05-27 17:14:00,-13.71,166.507,0,7.1,High
2010-06-12 19:26:00,7.848,91.919,0,7.5,High
2010-06-16 03:16:00,-2.171,136.549,17,7.0,High
2010-06-30 07:22:00,16.527,-97.76,1,6.2,Moderate
2010-07-18 13:34:00,-5.939,150.572,0,7.3,High
2010-07-20 19:38:00,27.022,53.861,1,5.8,Moderate
2010-07-23 22:08:00,6.699,123.475,0,7.3,High
2010-07-23 22:51:00,6.47,123.532,0,7.6,High
2010-07-23 23:15:00,6.792,123.282,0,7.4,High
2010-08-04 22:01:00,-5.768,150.776,0,7.0,High
2010-08-10 05:23:00,-17.561,168.028,0,7.3,High
2010-08-12 11:54:00,-1.26,-77.312,0,7.1,High
2010-08-27 19:23:00,35.49,54.47,3,5.8,Moderate
2010-09-03 16:35:00,-43.53,172.12,0,7.0,High
2010-09-27 11:22:00,29.637,51.666,1,5.9,Moderate
2010-09-29 17:11:00,-4.92,133.783,0,7.2,High
2010-10-10 21:44:00,33.869,72.887,1,5.2,Moderate
2010-10-25 14:42:00,-3.484,100.114,408,7.7,High
2010-11-03 00:56:00,43.718,20.624,2,5.3,Moderate
2010-12-20 18:41:00,28.491,59.117,11,6.5,Moderate
2010-12-21 17:19:00,26.892,143.726,0,7.4,High
2010-12-25 13:16:00,-19.775,167.895,0,7.3,High
2011-01-01 09:56:00,-26.758,-63.103,0,7.0,High
2011-01-02 20:20:00,-38.354,-73.275,0,7.1,High
2011-01-13 16:16:00,-20.622,168.459,0,7.0,High
2011-01-18 20:23:00,28.732,63.928,3,7.2,High
2011-02-04 13:53:00,24.618,94.68,1,6.2,Moderate
2011-02-21 23:51:00,-43.583,172.68,185,6.1,Moderate
2011-03-09 02:45:00,38.44,142.84,0,7.3,High
2011-03-10 04:58:00,24.727,97.597,26,5.5,Moderate
2011-03-11 05:46:00,38.297,142.372,18184,9.0,High
2011-03-11 06:15:00,36.281,141.111,18184,7.9,High
2011-03-11 06:25:00,38.106,144.553,18184,7.1,High
2011-03-24 13:55:00,20.687,99.822,150,6.9,Moderate
2011-04-07 14:32:00,38.253,141.64,4,7.1,High
2011-04-11 08:16:00,37.007,140.477,4,7.1,High
2011-05-11 16:47:00,37.699,-1.673,9,5.1,Moderate
2011-05-19 20:15:00,39.137,29.074,2,5.8,Moderate
2011-06-13 02:20:00,-43.58,172.74,1,6.0,Moderate
2011-06-24 03:09:00,52.008,-171.859,0,7.2,High
2011-06-29 23:21:00,36.064,137.735,1,4.7,Low
2011-07-06 19:03:00,-29.312,-176.204,0,7.6,High
2011-07-10 00:57:00,38.04,143.287,0,7.0,High
2011-07-19 19:35:00,40.151,71.426,14,6.1,Moderate
2011-08-20 16:55:00,-18.26,168.069,0,7.1,High
2011-08-20 18:19:00,-18.287,168.132,0,7.0,High
2011-09-03 22:55:00,-20.585,169.696,0,7.0,High
2011-09-05 17:55:00,2.958,97.916,10,6.6,Moderate
2011-09-15 19:31:00,-21.559,-179.369,0,7.3,High
2011-09-18 12:40:00,27.723,88.064,111,6.9,Moderate
2011-09-19 18:34:00,14.332,-90.142,3,5.8,Moderate
2011-10-21 17:57:00,-28.998,-176.183,0,7.4,High
2011-10-23 10:41:00,38.691,43.497,604,7.1,High
2011-10-28 18:54:00,-14.515,-76.009,1,6.9,Moderate
2011-10-29 00:43:00,27.449,88.684,2,3.5,Low
2011-11-09 19:23:00,38.429,43.229,40,5.6,Moderate
2011-12-11 01:47:00,18.038,-99.796,3,6.5,Moderate
2011-12-14 05:04:00,-7.518,146.767,0,7.1,High
2012-01-10 18:36:00,2.452,93.209,0,7.2,High
2012-02-02 13:34:00,-17.766,167.134,0,7.1,High
2012-02-06 03:49:00,9.964,123.246,51,6.7,Moderate
2012-03-14 12:05:00,35.687,140.695,1,6.0,Moderate
2012-03-20 18:02:00,16.662,-98.188,2,7.4,High
2012-03-25 22:37:00,-35.183,-71.792,1,7.1,High
2012-04-11 08:38:00,2.311,93.063,10,8.6,High
2012-04-11 10:43:00,0.773,92.452,10,8.2,High
2012-04-17 03:50:00,-32.701,-71.484,2,6.7,Moderate
2012-05-07 04:40:00,41.541,46.766,2,5.6,Moderate
2012-05-12 23:28:00,38.612,70.354,1,5.6,Moderate
2012-05-20 02:03:00,44.8,11.192,7,6.0,Moderate
2012-05-22 00:00:00,42.686,23.009,1,5.6,Moderate
2012-05-29 07:00:00,44.814,11.079,20,5.8,Moderate
2012-06-11 05:29:00,36.082,69.316,75,5.7,Moderate
2012-06-24 07:59:00,27.767,100.768,4,5.5,Moderate
2012-07-20 12:11:00,32.99,119.645,1,4.9,Low
2012-07-25 00:27:00,2.657,96.126,1,6.4,Moderate
2012-08-11 12:23:00,38.322,46.888,306,6.4,Moderate
2012-08-14 02:59:00,49.784,145.126,0,7.7,High
2012-08-18 09:41:00,-1.343,120.103,6,6.3,Moderate
2012-08-27 04:37:00,12.278,-88.528,0,7.3,High
2012-08-31 12:47:00,10.838,126.704,1,7.6,High
2012-09-05 14:42:00,10.086,-85.305,2,7.6,High
2012-09-07 03:19:00,27.541,103.973,81,5.6,Moderate
2012-09-07 04:16:00,27.582,103.99,81,5.6,Moderate
2012-09-30 16:31:00,1.916,-76.355,0,7.3,High
2012-10-25 23:05:00,39.855,16.044,1,5.3,Moderate
2012-10-28 03:04:00,52.769,-131.927,0,7.7,High
2012-11-07 16:35:00,14.083,-91.916,39,7.4,High
2012-11-11 01:12:00,23.014,95.883,26,6.8,Moderate
2012-12-05 17:08:00,33.49,59.554,8,5.6,Moderate
2012-12-07 08:18:00,37.889,144.09,3,7.3,High
2012-12-10 16:53:00,-6.54,129.815,0,7.1,High
2013-01-05 08:58:00,55.238,-134.777,0,7.5,High
2013-01-21 22:22:00,4.961,96.083,1,6.1,Moderate
2013-01-30 20:15:00,-28.181,-70.8,1,6.8,Moderate
2013-02-06 01:12:00,-10.738,165.138,13,8.0,High
2013-02-06 01:23:00,-11.254,164.932,13,7.1,High
2013-02-06 01:54:00,-10.479,165.772,13,7.0,High
2013-02-08 15:26:00,-10.932,166.021,0,7.1,High
2013-03-27 02:03:00,23.84,121.135,1,6.0,Moderate
2013-04-06 04:42:00,-3.526,138.466,0,7.0,High
2013-04-09 11:52:00,28.5,51.591,37,6.4,Moderate
2013-04-16 10:44:00,28.107,62.053,35,7.7,High
2013-04-19 03:05:00,46.182,150.796,0,7.2,High
2013-04-20 00:02:00,30.284,102.956,193,6.6,Moderate
2013-04-24 09:25:00,34.517,70.207,18,5.6,Moderate
2013-05-01 06:57:00,33.1,75.838,2,5.4,Moderate
2013-05-11 02:08:00,26.712,57.886,1,6.1,Moderate
2013-05-23 17:19:00,-23.025,-177.109,0,7.4,High
2013-05-24 05:44:00,54.874,153.281,0,8.3,High
2013-06-02 05:43:00,23.794,121.133,4,6.2,Moderate
2013-07-02 07:37:00,4.698,96.687,35,6.1,Moderate
2013-07-07 18:35:00,-3.923,153.92,0,7.3,High
2013-07-15 14:03:00,-60.868,-25.144,0,7.3,High
2013-07-21 23:45:00,34.499,104.243,95,5.9,Moderate
2013-08-30 16:25:00,51.61,-175.361,0,7.0,High
2013-08-31 00:04:00,28.229,99.37,5,5.8,Moderate
2013-09-07 00:13:00,14.606,-92.121,1,6.4,Moderate
2013-09-24 11:29:00,26.971,65.52,825,7.7,High
2013-09-25 16:42:00,-15.839,-74.509,3,7.1,High
2013-09-28 07:34:00,27.263,65.587,22,6.8,Moderate
2013-10-15 00:12:00,9.88,124.117,222,7.1,High
2013-10-22 05:40:00,5.103,95.971,1,5.4,Moderate
2013-10-25 17:10:00,37.149,144.679,0,7.1,High
2013-11-17 09:04:00,-60.274,-46.401,0,7.7,High
2013-11-25 06:27:00,-53.945,-55.003,0,7.0,High
2013-11-28 13:51:00,29.32,51.31,7,5.8,Moderate
2014-01-02 03:13:00,27.15,54.448,1,5.2,Moderate
2014-04-01 23:46:00,-19.642,-70.817,6,8.2,High
2014-04-03 02:43:00,-20.518,-70.498,0,7.7,High
2014-04-10 23:27:00,12.514,-86.379,2,6.1,Moderate
2014-04-11 07:07:00,-6.625,155.064,1,7.1,High
2014-04-12 20:14:00,-11.315,162.211,0,7.6,High
2014-04-13 12:36:00,-11.451,162.069,0,7.4,High
2014-04-18 14:27:00,17.397,-100.972,0,7.2,High
2014-04-19 13:27:00,-6.72,154.932,0,7.5,High
2014-05-05 11:08:00,19.656,99.67,1,6.1,Moderate
2014-05-08 22:51:00,26.387,68.358,2,4.5,Low
2014-05-21 16:21:00,18.201,88.038,2,6.0,Moderate
2014-06-13 13:32:00,33.292,75.581,2,5.0,Moderate
2014-06-23 20:53:00,51.797,178.76,0,7.9,High
2014-07-07 11:23:00,14.724,-92.461,8,6.9,Moderate
2014-07-29 10:46:00,17.982,-95.653,1,6.3,Moderate
2014-08-01 04:11:00,36.851,3.161,6,5.6,Moderate
2014-08-03 08:30:00,27.189,103.409,617,6.2,Moderate
2014-08-05 10:22:00,-26.972,26.709,1,5.4,Moderate
2014-08-12 19:58:00,-0.018,-78.322,4,5.1,Moderate
2014-08-24 10:20:00,38.215,-122.312,1,6.0,Moderate
2014-09-28 02:35:00,-13.814,-71.744,8,4.9,Low
2014-10-07 13:49:00,23.386,100.487,1,6.0,Moderate
2014-10-09 02:14:00,-32.108,-110.811,0,7.0,High
2014-10-14 03:51:00,12.526,-88.123,4,7.3,High
2014-11-01 18:57:00,-19.698,-177.794,0,7.1,High
2014-11-15 02:31:00,1.928,126.547,0,7.1,High
2014-11-22 08:55:00,30.343,101.72,5,5.9,Moderate
2014-12-06 10:20:00,23.358,100.533,1,5.6,Moderate
2014-12-07 21:16:00,13.672,-91.473,1,6.1,Moderate
2016-02-13 18:59:00,52.669,-31.924,0,7.1,High
2016-02-21 21:21:00,44.51,18.92,4,3.7,Low
2016-02-27 13:45:00,-7.288,122.532,0,7.0,High
2015-03-14 06:13:00,33.15,115.8,2,4.6,Low
2015-03-29 23:48:00,-4.76,152.556,0,7.5,High
2015-04-15 07:39:00,39.753,106.703,1,5.4,Moderate
2015-04-20 01:42:00,24.194,122.327,1,6.4,Moderate
2015-04-25 06:11:00,28.147,84.708,9018,7.8,High
2015-05-02 05:35:00,28.314,84.658,4,4.9,Low
2015-05-05 01:44:00,-5.465,151.886,0,7.5,High
2015-05-07 07:10:00,-7.226,154.551,0,7.1,High
2015-05-12 07:05:00,27.837,86.077,218,7.3,High
2015-05-16 11:34:00,27.56,86.073,2,5.5,Moderate
2015-05-30 11:23:00,27.831,140.493,0,7.8,High
2015-06-04 23:15:00,5.982,116.539,18,6.0,Moderate
2015-06-17 12:51:00,-35.362,-17.392,0,7.0,High
2015-07-03 01:07:00,37.46,78.125,3,6.4,Moderate
2015-07-03 06:43:00,10.169,125.891,1,6.1,Moderate
2015-07-18 02:27:00,-10.444,165.172,0,7.0,High
2015-07-24 20:59:00,33.884,73.225,3,5.1,Moderate
2015-07-27 21:41:00,-2.683,138.508,1,7.0,High
2015-08-07 01:25:00,-2.141,28.897,1,5.8,Moderate
2015-09-03 17:57:00,27.377,75.494,1,4.0,Low
2015-09-16 22:54:00,-31.57,-71.654,14,8.3,High
2015-09-16 23:18:00,-31.587,-71.431,0,7.0,High
2015-10-17 11:33:00,-25.467,-64.484,1,5.8,Moderate
2015-10-20 21:52:00,-14.842,167.306,0,7.1,High
2015-10-26 09:09:00,36.526,70.362,398,7.5,High
2015-11-07 06:58:00,8.477,-71.365,1,5.3,Moderate
2015-11-17 07:10:00,38.755,20.552,2,6.5,Moderate
2015-11-22 18:16:00,36.434,71.423,2,5.7,Moderate
2015-11-22 20:38:00,8.531,-71.395,1,5.3,Moderate
2015-11-23 20:41:00,17.077,-98.8,2,5.5,Moderate
2015-11-24 22:45:00,-10.548,-70.904,0,7.6,High
2015-11-24 22:50:00,-10.048,-71.023,0,7.6,High
2015-12-04 22:25:00,-47.617,85.091,0,7.1,High
2015-12-07 07:50:00,38.258,72.767,2,7.2,High
2015-12-17 19:49:00,15.802,-93.633,2,6.6,Moderate
2015-12-25 19:14:00,36.5,71.132,4,6.3,Moderate
2016-01-03 23:05:00,24.807,93.651,11,6.7,Moderate
2016-01-16 23:22:00,-3.873,127.229,1,5.6,Moderate
2016-01-24 10:30:00,59.605,-153.341,0,7.1,High
2016-01-25 04:22:00,35.649,-3.682,1,6.3,Moderate
2016-01-30 03:25:00,54.007,158.506,0,7.2,High
2016-02-05 16:20:00,27.878,85.338,1,5.2,Moderate
2016-02-05 19:57:00,22.939,120.593,117,6.4,Moderate
2016-03-02 12:49:00,-4.908,94.275,0,7.8,High
2016-04-10 10:28:00,36.492,71.156,6,6.6,Moderate
2016-04-13 13:55:00,23.133,94.9,2,6.9,Moderate
2016-04-14 12:26:00,32.788,130.704,277,6.2,Moderate
2016-04-15 16:25:00,32.793,130.749,277,7.0,High
2016-04-16 23:58:00,0.352,-79.926,676,7.8,High
2016-04-28 19:33:00,-16.041,167.38,0,7.0,High
2016-05-18 16:46:00,0.498,-79.612,1,6.9,Moderate
2016-05-24 17:43:00,14.089,45.329,4,4.9,Low
2016-05-28 09:46:00,-56.203,-26.893,0,7.2,High
2016-06-01 22:56:00,-2.097,100.665,1,6.6,Moderate
2016-07-10 09:31:00,0.031,100.09,1,5.1,Moderate
2016-07-11 02:11:00,0.581,-79.638,2,6.3,Moderate
2016-07-29 21:18:00,18.515,145.529,0,7.7,High
2016-08-01 04:46:00,39.958,47.975,1,5.0,Moderate
2016-08-12 01:26:00,-22.495,173.111,0,7.2,High
2016-08-15 02:59:00,-15.657,-72.005,5,5.5,Moderate
2016-08-19 07:32:00,-55.279,-31.874,0,7.4,High
2016-08-24 01:36:00,42.714,13.172,299,6.2,Moderate
2016-08-24 10:34:00,20.919,94.579,4,6.8,Moderate
2016-08-29 04:29:00,-0.041,-17.826,0,7.1,High
2016-09-02 16:37:00,-37.359,179.146,0,7.0,High
2016-09-10 12:27:00,-1.03,31.56,23,5.9,Moderate
2016-09-22 20:24:00,26.149,68.152,1,4.6,Low
2016-09-23 16:11:00,-2.611,29.107,7,4.8,Low
2016-09-28 16:48:00,12.446,-86.534,1,5.5,Moderate
2016-10-01 08:04:00,34.949,73.631,2,5.4,Moderate
2016-10-16 13:04:00,-7.009,-80.125,1,5.0,Moderate
2016-10-17 07:14:00,32.906,94.88,1,5.9,Moderate
2016-10-26 19:18:00,42.934,13.043,3,6.1,Moderate
2016-10-30 06:40:00,42.855,13.088,3,6.6,Moderate
2016-11-13 11:02:00,-42.757,173.077,2,7.8,High
2016-11-24 18:43:00,11.96,-88.836,1,7.0,High
2016-11-25 14:24:00,39.238,74.047,1,6.6,Moderate
2016-11-27 23:35:00,27.845,86.525,1,5.4,Moderate
2016-11-29 20:09:00,51.627,16.157,8,4.3,Low
2016-12-01 22:40:00,-15.321,-70.823,1,6.3,Moderate
2016-12-06 22:03:00,5.281,96.108,104,6.5,Moderate
2016-12-08 17:38:00,-10.676,161.33,1,7.8,High
2016-12-17 10:51:00,-4.509,153.45,0,7.9,High
2016-12-19 07:11:00,0.816,-79.74,3,5.4,Moderate
2016-12-25 14:22:00,-43.416,-73.88,0,7.6,High
2016-12-29 22:30:00,-9.028,118.664,1,6.3,Moderate
2017-01-03 09:09:00,24.016,92.006,3,5.5,Moderate
2017-01-06 02:33:00,28.205,53.116,4,5.3,Moderate
2017-01-10 06:13:00,4.463,122.575,0,7.3,High
2017-01-18 10:14:00,42.601,13.241,34,5.7,Moderate
2017-01-22 04:30:00,-6.214,155.122,5,7.9,High
2017-02-10 14:03:00,9.907,125.452,8,6.5,Moderate
2017-03-05 00:08:00,9.831,125.496,1,5.7,Moderate
2017-03-13 14:19:00,17.415,96.011,2,5.1,Moderate
2017-04-05 06:09:00,35.8,60.436,2,6.1,Moderate
2017-04-10 23:53:00,13.753,-89.16,1,4.8,Low
2017-05-10 21:58:00,37.659,75.253,8,5.4,Moderate
2017-05-13 18:01:00,37.853,57.268,2,5.8,Moderate
2017-05-25 09:55:00,-3.054,32.893,1,4.4,Low
2017-06-12 12:28:00,38.932,26.364,1,6.3,Moderate
2017-06-14 07:29:00,14.982,-91.988,5,6.9,Moderate
2017-06-17 23:39:00,71.64,-52.344,4,4.2,Low
2017-07-06 08:03:00,11.114,124.633,4,6.5,Moderate
2017-07-17 23:34:00,54.466,168.822,0,7.7,High
2017-07-18 02:05:00,-16.402,-73.603,1,6.4,Moderate
2017-07-20 22:31:00,36.923,27.415,2,6.6,Moderate
2017-08-02 07:15:00,-33.209,-70.636,1,5.5,Moderate
2017-08-08 13:19:00,33.193,103.855,24,6.5,Moderate
2017-08-11 21:45:00,-16.298,-73.474,1,5.6,Moderate
2017-08-21 18:57:00,40.78,13.945,2,4.2,Low
2017-08-22 22:26:00,11.014,124.736,2,5.0,Moderate
2017-09-08 04:49:00,15.022,-93.899,98,8.2,High
2017-09-19 18:14:00,18.584,-98.399,370,7.1,High
2017-09-23 12:53:00,16.737,-94.946,6,6.1,Moderate
2017-10-31 11:50:00,-3.74,127.766,1,6.1,Moderate
2017-11-12 18:18:00,34.905,45.956,630,7.3,High
2017-11-13 02:28:00,9.526,-84.505,3,6.5,Moderate
2017-11-18 16:07:00,2.382,128.144,1,5.9,Moderate
2017-11-19 22:43:00,-21.334,168.683,0,7.0,High
2017-12-15 16:47:00,-7.734,108.023,4,6.5,Moderate
2017-12-20 19:57:00,35.654,50.949,2,4.9,Low
2017-12-26 21:24:00,35.692,50.9,1,4.0,Low
2018-01-10 02:51:00,17.474,-83.519,0,7.5,High
2018-01-14 09:18:00,-15.776,-74.744,2,7.1,High
2018-01-23 06:34:00,-7.196,105.918,2,6.0,Moderate
2018-01-23 09:31:00,56.046,-149.073,0,7.9,High
2018-01-31 07:07:00,36.543,70.816,2,6.1,Moderate
2018-01-31 23:13:00,-1.756,-77.694,1,5.2,Moderate
2018-02-06 15:50:00,24.174,121.653,17,6.4,Moderate
2018-02-16 23:39:00,16.646,-97.653,14,7.2,High
2018-02-25 17:44:00,-6.149,142.766,160,7.5,High
2018-03-04 19:56:00,-6.307,142.62,11,6.0,Moderate
2018-03-06 14:13:00,-6.294,142.607,25,6.7,Moderate
2018-04-07 05:48:00,-5.841,142.49,4,6.3,Moderate
2018-04-18 06:28:00,-7.246,109.622,3,4.6,Low
2018-06-05 18:40:00,41.529,46.795,1,5.3,Moderate
2018-06-12 09:35:00,1.032,-77.259,2,4.9,Low
2018-06-17 22:58:00,34.829,135.638,4,5.5,Moderate
2018-07-21 07:58:00,-0.965,100.771,1,5.2,Moderate
2018-07-28 22:47:00,-8.274,116.491,20,6.4,Moderate
2018-08-05 11:46:00,-8.263,116.439,513,6.9,Moderate
2018-08-09 05:25:00,-8.394,116.208,6,5.9,Moderate
2018-08-19 00:19:00,-18.178,-178.111,0,8.2,High
2018-08-19 04:10:00,-8.325,116.577,2,6.3,Moderate
2018-08-19 14:56:00,-8.324,116.626,14,6.9,Moderate
2018-08-21 21:31:00,10.855,-62.883,5,7.3,High
2018-08-24 09:04:00,-11.042,-70.817,0,7.1,High
2018-08-25 22:13:00,34.663,46.277,3,6.0,Moderate
2018-08-29 03:51:00,-22.066,170.05,0,7.1,High
2018-09-05 18:07:00,42.671,141.933,41,6.6,Moderate
2018-09-06 15:49:00,-18.475,179.345,0,7.9,High
2018-09-07 06:23:00,28.342,59.315,1,5.5,Moderate
2018-09-12 04:50:00,26.374,90.165,1,5.3,Moderate
2018-09-28 06:59:00,-0.401,119.771,1,6.1,Moderate
2018-09-28 10:02:00,-0.256,119.846,4340,7.5,High
2018-10-07 00:11:00,20.041,-72.975,18,5.9,Moderate
2018-10-10 18:44:00,-7.456,114.453,4,6.0,Moderate
2018-10-10 20:48:00,-5.678,151.198,0,7.0,High
2018-11-14 23:01:00,-2.916,119.435,7,5.6,Moderate
2018-11-25 16:37:00,34.304,45.74,1,6.3,Moderate
2018-11-30 17:29:00,61.346,-149.955,0,7.1,High
2018-12-05 04:18:00,-21.969,169.446,0,7.5,High
2018-12-11 02:26:00,-58.598,-26.466,0,7.1,High
2018-12-20 17:01:00,55.1,164.699,0,7.3,High
2018-12-29 03:39:00,5.974,126.828,0,7.0,High
2019-01-12 08:58:00,51.572,16.132,1,3.6,Low
2019-01-20 01:32:00,-30.074,-71.423,2,6.7,Moderate
2019-01-22 22:35:00,50.108,18.432,1,3.9,Low
2019-01-26 12:32:00,2.99,-75.769,1,5.6,Moderate
2019-02-22 10:17:00,-2.199,-77.023,1,7.5,High
2019-02-25 05:15:00,29.498,104.632,2,4.9,Low
2019-03-01 08:50:00,-14.713,-70.155,1,7.0,High
2019-03-17 07:07:00,-8.418,116.521,6,5.6,Moderate
2019-03-21 09:15:00,-7.878,32.085,1,5.5,Moderate
2019-04-12 11:40:00,-1.852,122.553,1,6.8,Moderate
2019-04-18 05:01:00,23.989,121.693,1,6.1,Moderate
2019-04-22 09:11:00,14.924,120.497,18,6.1,Moderate
2019-05-06 21:19:00,-6.975,146.449,0,7.1,High
2019-05-14 12:58:00,-4.081,152.569,0,7.5,High
2019-05-26 07:41:00,-5.796,-75.298,2,8.0,High
2019-05-30 09:03:00,13.243,-89.272,1,6.6,Moderate
2019-06-15 22:55:00,-30.805,-178.095,0,7.2,High
2019-06-17 14:55:00,28.405,104.957,13,5.8,Moderate
2019-06-24 02:53:00,-6.389,129.22,0,7.3,High
2019-07-04 17:33:00,35.705,-117.506,1,6.4,Moderate
2019-07-05 18:41:00,51.517,16.172,1,4.7,Low
2019-07-06 03:19:00,35.77,-117.599,0,7.1,High
2019-07-08 07:00:00,31.775,49.542,1,5.7,Moderate
2019-07-09 12:37:00,6.802,125.169,1,5.6,Moderate
2019-07-14 09:10:00,-0.529,128.093,14,7.3,High
2019-07-26 23:37:00,20.807,121.986,9,6.0,Moderate
2019-08-02 12:03:00,-7.267,104.825,8,6.9,Moderate
2019-08-07 21:28:00,24.475,121.947,1,5.9,Moderate
2019-09-07 22:42:00,29.573,105.064,1,5.1,Moderate
2019-09-24 11:01:00,33.106,73.766,40,5.6,Moderate
2019-09-25 23:46:00,-3.45,128.347,41,6.5,Moderate
2019-09-26 10:59:00,40.89,28.173,1,5.7,Moderate
2019-09-26 16:36:00,-40.815,-71.999,1,6.1,Moderate
2019-09-29 15:57:00,-35.473,-73.162,1,6.7,Moderate
2019-10-03 13:01:00,50.21,18.826,1,2.8,Low
2019-10-06 05:25:00,32.891,73.662,1,3.6,Low
2019-10-10 04:39:00,-3.65,128.216,1,5.0,Moderate
2019-10-16 11:37:00,6.712,125.005,7,6.4,Moderate
2019-10-29 01:04:00,6.802,125.04,24,6.6,Moderate
2019-10-31 01:11:00,6.908,125.153,24,6.5,Moderate
2019-11-07 22:47:00,37.808,47.558,7,5.9,Moderate
2019-11-12 10:10:00,-3.61,128.299,2,5.0,Moderate
2019-11-10 16:17:00,1.629,126.414,1,7.1,High
2019-11-25 01:18:00,22.96,106.711,1,5.0,Moderate
2019-11-26 02:54:00,41.521,19.559,52,6.4,Moderate
2019-12-15 06:11:00,6.708,125.188,13,6.8,Moderate
2020-01-07 08:24:00,17.916,-66.813,3,6.4,Moderate
2020-01-10 22:26:00,17.935,-66.883,1,5.2,Moderate
2020-01-19 13:27:00,39.831,77.106,1,6.0,Moderate
2020-01-24 17:55:00,38.39,39.081,41,6.7,Moderate
2020-01-28 19:10:00,19.44,-78.755,0,7.7,High
2020-02-13 10:33:00,45.631,148.929,0,7.0,High
2020-02-23 05:53:00,38.504,44.405,10,5.7,Moderate
2020-03-22 05:24:00,45.897,15.966,1,5.4,Moderate
2020-03-25 02:49:00,48.969,157.691,1,7.5,High
2020-05-07 20:18:00,35.745,52.025,2,4.6,Low
2020-05-18 13:48:00,27.296,103.281,4,5.2,Moderate
2020-06-07 05:27:00,-9.547,-78.676,1,4.5,Low
2020-06-14 14:24:00,39.376,40.71,1,5.9,Moderate
2020-06-18 12:49:00,-33.294,-177.838,0,7.4,High
2020-06-23 15:29:00,15.916,-95.953,10,7.4,High
2020-07-17 02:50:00,-7.843,147.766,1,7.0,High
2020-07-22 06:12:00,55.03,-158.522,0,7.8,High
2020-08-18 00:03:00,12.021,124.123,2,6.6,Moderate
2020-08-29 19:01:00,36.405,54.399,1,4.0,Low
2020-10-19 20:54:00,54.617,-159.635,0,7.6,High
2020-10-27 19:43:00,-2.243,119.093,1,5.4,Moderate
2020-10-30 11:51:00,37.918,26.79,119,7.0,High
2020-12-29 11:19:00,45.422,16.255,7,6.4,Moderate
2021-01-14 18:28:00,-2.976,118.901,105,6.2,Moderate
2021-01-21 12:23:00,5.007,127.517,0,7.0,High
2021-02-03 08:25:00,-3.009,118.964,1,4.9,Low
2021-02-10 13:19:00,-23.054,171.601,0,7.7,High
2021-02-12 17:01:00,38.132,73.569,1,5.9,Moderate
2021-02-13 14:07:00,37.745,141.749,1,7.1,High
2021-03-01 22:57:00,6.239,-76.098,3,5.1,Moderate
2021-03-03 10:16:00,39.755,22.176,1,6.3,Moderate
2021-03-04 13:27:00,-37.563,179.444,0,7.3,High
2021-03-04 17:41:00,-29.665,-177.834,0,7.4,High
2021-03-04 19:28:00,-29.735,-177.282,0,8.1,High
2021-03-20 09:09:00,38.475,141.607,0,7.0,High
2021-03-23 21:14:00,41.812,81.155,3,5.4,Moderate
2021-04-10 07:00:00,-8.562,112.519,10,6.0,Moderate
2021-04-28 02:21:00,26.782,92.436,2,6.0,Moderate
2021-05-21 13:48:00,25.761,100.008,3,6.1,Moderate
2021-05-21 18:04:00,34.586,98.255,20,7.3,High
2021-05-24 08:37:00,-1.591,29.229,1,4.7,Low
2021-06-10 08:54:00,-3.086,28.259,2,5.0,Moderate
2021-06-23 02:54:00,-12.687,-76.721,1,5.8,Moderate
2021-07-10 02:14:00,38.959,70.572,5,5.8,Moderate
2021-07-26 12:09:00,-0.748,121.931,2,6.3,Moderate
2021-07-29 06:15:00,55.325,-157.841,0,8.2,High
2021-08-11 17:46:00,6.455,126.742,1,7.1,High
2021-08-12 18:32:00,-57.596,-25.187,0,7.5,High
2021-08-12 18:35:00,-58.416,-25.321,0,8.1,High
2021-08-14 12:29:00,18.434,-73.482,2248,7.2,High
2021-08-22 21:33:00,-60.291,-24.895,0,7.1,High
2021-08-26 02:14:00,-0.854,121.523,1,5.5,Moderate
2021-09-08 01:47:00,16.982,-99.773,13,7.0,High
2021-09-15 20:33:00,29.182,105.391,3,5.4,Moderate
2021-09-27 06:17:00,35.252,25.26,1,6.0,Moderate
2021-10-02 06:29:00,-21.104,174.895,0,7.3,High
2021-10-06 22:01:00,30.22,68.014,42,5.9,Moderate
2021-10-15 20:18:00,-8.328,115.465,4,4.7,Low
2021-11-14 12:07:00,27.721,56.065,2,6.0,Moderate
2021-11-14 12:08:00,27.736,56.077,2,6.3,Moderate
2021-11-28 10:52:00,-4.49,-76.846,12,7.5,High
2021-12-14 03:20:00,-7.63,122.231,1,7.3,High
2021-12-29 18:25:00,-7.592,127.581,0,7.3,High
2022-01-11 01:07:00,35.229,31.944,3,6.6,Moderate
2022-01-17 11:40:00,34.946,63.58,30,5.3,Moderate
2022-01-24 13:16:00,18.458,-73.337,2,5.3,Moderate
2022-01-24 14:06:00,18.499,-73.297,2,5.1,Moderate
2022-02-05 04:16:00,36.445,71.117,3,5.8,Moderate
2022-02-16 07:12:00,14.193,-91.297,3,6.2,Moderate
2022-02-25 01:39:00,0.233,100.106,27,6.1,Moderate
2022-03-16 13:35:00,35.682,75.038,1,5.1,Moderate
2022-03-16 14:36:00,37.702,141.58,4,7.3,High
2022-03-27 04:28:00,0.909,-79.589,1,5.8,Moderate
2022-03-31 05:44:00,-22.579,170.354,0,7.0,High
2022-04-22 21:07:00,43.061,18.176,1,5.7,Moderate
2022-04-23 01:39:00,50.057,18.628,10,2.7,Low
2022-05-12 21:55:00,-12.36,-76.89,2,5.4,Moderate
2022-05-24 07:11:00,36.118,70.293,2,4.9,Low
2022-05-26 12:02:00,-14.863,-70.308,0,7.2,High
2022-06-01 09:00:00,30.416,102.989,4,5.8,Moderate
2022-06-21 20:54:00,33.092,69.514,1163,6.0,Moderate
2022-06-24 01:43:00,33.007,69.543,5,4.2,Low
2022-06-25 03:37:00,26.725,54.261,1,5.6,Moderate
2022-07-01 21:32:00,26.935,55.254,7,6.0,Moderate
2022-07-01 23:25:00,26.899,55.321,7,6.0,Moderate
2022-07-05 08:47:00,53.807,88.093,2,4.3,Low
2022-07-14 22:30:00,-2.04,-79.811,1,5.7,Moderate
2022-07-27 00:43:00,17.521,120.818,11,7.0,High
2022-09-04 21:57:00,34.662,70.702,18,5.1,Moderate
2022-09-05 04:52:00,29.726,102.279,93,6.6,Moderate
2022-09-06 07:04:00,36.649,70.629,6,4.8,Low
2022-09-10 23:46:00,-6.256,146.469,21,7.6,High
2022-09-14 11:04:00,-21.191,170.24,0,7.0,High
2022-09-18 06:44:00,23.159,121.316,1,6.9,Moderate
2022-09-19 18:05:00,18.455,-102.956,2,7.6,High
2022-09-22 06:16:00,18.263,-102.955,3,6.8,Moderate
2022-09-30 19:28:00,2.109,98.928,2,5.9,Moderate
2022-11-04 00:29:00,38.357,27.218,2,4.8,Low
2022-11-08 20:27:00,29.274,81.149,6,5.7,Moderate
2022-11-09 09:51:00,-26.044,178.381,0,7.0,High
2022-11-11 10:48:00,-19.318,-172.1,0,7.3,High
2022-11-12 07:09:00,-20.116,-178.36,0,7.0,High
2022-11-12 14:27:00,29.33,81.168,1,5.2,Moderate
2022-11-21 06:21:00,-6.853,107.095,635,5.6,Moderate
2022-11-22 02:03:00,-9.812,159.596,0,7.0,High
2022-11-23 01:08:00,40.836,30.983,2,6.1,Moderate
2022-12-20 10:34:00,40.525,-124.423,2,6.4,Moderate
2023-01-08 12:32:00,-14.938,166.878,0,7.0,High
2023-01-09 17:47:00,-7.049,130.038,0,7.6,High
2023-01-12 09:37:00,49.865,18.568,1,2.8,Low
2023-01-18 06:06:00,2.735,127.06,0,7.0,High
2023-01-24 08:58:00,29.597,81.652,4,5.4,Moderate
2023-01-28 18:14:00,38.425,44.899,3,5.9,Moderate
2023-02-06 01:17:00,37.166,37.032,62013,7.8,High
2023-02-06 10:24:00,38.024,37.203,62013,7.5,High
2023-02-08 18:58:00,34.153,36.232,1,4.1,Low
2023-02-09 06:28:00,-2.635,140.557,4,5.1,Moderate
2023-02-20 17:04:00,36.109,36.017,11,6.3,Moderate
2023-02-27 09:04:00,38.229,38.283,2,5.2,Moderate
2023-03-16 00:56:00,-30.115,-176.112,0,7.0,High
2023-03-18 17:12:00,-2.837,-79.844,18,6.8,Moderate
2023-03-21 16:47:00,36.523,70.979,21,6.5,Moderate
2023-03-31 17:01:00,30.396,66.726,3,3.5,Low
2023-04-02 18:04:00,-4.326,143.159,8,7.0,High
2023-04-14 09:55:00,-6.026,112.033,1,7.0,High
2023-04-24 00:41:00,-29.955,-177.838,0,7.1,High
2023-04-24 20:00:00,-0.781,98.534,0,7.1,High
2023-05-05 05:42:00,37.54,137.305,1,6.2,Moderate
2023-05-10 16:02:00,-15.6,-174.608,0,7.6,High
2023-05-19 02:57:00,-23.185,170.763,0,7.7,High
2023-05-20 01:51:00,-23.062,170.456,0,7.1,High
2023-05-28 05:49:00,36.608,71.066,1,5.3,Moderate
2023-06-06 09:11:00,18.702,-74.235,4,4.9,Low
2023-06-07 09:53:00,16.861,95.542,3,4.8,Low
2023-06-15 18:06:00,-22.982,-177.208,0,7.2,High
2023-06-30 12:57:00,-8.653,110.018,1,5.9,Moderate
2023-07-16 06:48:00,54.46,-160.76,0,7.2,High
2023-08-17 17:04:00,4.418,-73.511,2,6.1,Moderate
2023-08-17 17:17:00,4.214,-73.607,2,5.6,Moderate
2023-08-28 19:55:00,-6.788,116.548,0,7.1,High
2023-09-08 22:11:00,31.11,-8.44,2960,6.8,Moderate
2023-09-18 03:10:00,44.045,11.684,1,5.1,Moderate
2023-10-03 09:21:00,29.499,81.253,1,5.7,Moderate
2023-10-07 06:41:00,34.61,61.924,1482,6.3,Moderate
2023-10-07 07:12:00,34.574,61.904,1482,6.3,Moderate
2023-10-07 08:34:00,-5.6,146.132,1,6.7,Moderate
2023-10-07 08:40:00,-5.507,146.198,1,6.9,Moderate
2023-10-11 00:41:00,34.557,62.045,3,6.3,Moderate
2023-10-15 03:36:00,34.609,62.112,4,6.3,Moderate
2023-11-03 18:02:00,28.848,82.187,153,5.7,Moderate
2023-11-08 04:53:00,-6.456,129.513,0,7.1,High
2023-11-17 08:14:00,5.587,125.051,11,6.7,Moderate
2023-11-22 02:48:00,1.799,127.166,1,6.0,Moderate
2023-12-02 14:37:00,8.527,126.416,3,7.6,High
2023-12-07 12:56:00,-20.659,169.206,0,7.1,High
2023-12-18 15:59:00,35.743,102.827,151,5.9,Moderate
2024-01-01 07:10:00,37.498,137.242,572,7.5,High
2024-01-13 23:17:00,40.983,19.769,1,4.5,Low
2024-01-19 11:26:00,4.719,-75.871,1,5.6,Moderate
2024-01-22 18:09:00,41.269,78.649,3,7.0,High
2024-02-28 00:48:00,-6.75,107.68,1,2.9,Low
2024-03-04 18:38:00,39.97,27.446,1,4.3,Low
2024-03-23 20:22:00,-4.139,143.159,5,6.9,Moderate
2024-04-02 23:58:00,23.819,121.562,19,7.4,High
2024-04-27 16:29:00,-8.033,107.275,1,6.1,Moderate
2024-06-18 09:54:00,35.192,58.514,4,4.9,Low
2024-06-28 05:36:00,-15.811,-74.445,0,7.2,High
2024-07-11 02:13:00,6.065,123.161,0,7.1,High
2024-07-11 06:16:00,50.136,18.474,1,2.9,Low
2024-07-19 01:50:00,-23.047,-67.782,1,7.4,High
2024-08-08 07:42:00,31.719,131.527,0,7.1,High
2024-08-12 20:56:00,35.127,37.015,2,5.0,Moderate
2024-08-17 19:10:00,52.924,160.141,0,7.0,High
2024-08-20 01:15:00,34.146,74.262,1,5.1,Moderate
2024-08-20 01:22:00,34.145,74.304,1,5.1,Moderate
2024-09-07 01:51:00,-8.431,115.313,1,4.8,Low
2024-09-18 02:41:00,-7.242,107.566,2,5.0,Moderate
2024-12-05 18:44:00,40.374,-125.022,0,7.0,High
2024-12-17 01:47:00,-17.686,168.034,14,7.3,High
2025-01-03 17:01:00,9.358,40.346,2,5.5,Moderate
2025-01-04 00:52:00,9.5,40.156,2,5.7,Moderate
2025-01-07 01:05:00,28.639,87.361,126,7.1,High
2025-01-27 02:06:00,50.068,18.519,1,3.1,Low
2025-02-08 23:23:00,17.702,-82.456,0,7.6,High
2025-03-17 22:23:00,1.898,99.135,1,5.4,Moderate
2025-03-28 06:20:00,21.996,95.926,5400,7.7,High
2025-03-30 12:18:00,-20.329,-173.907,0,7.0,High
2025-04-13 04:24:00,39.014,70.663,1,5.8,Moderate
